QT, instance Nr, QET, QRT, error code
1,1,81,78,0
1,2,69,67,0
1,3,71,68,0
1,4,72,70,0
1,5,68,65,0
1,6,71,69,0
1,7,74,72,0
1,8,66,64,0
1,9,65,63,0
1,10,71,68,0
1,11,66,64,0
1,12,66,64,0
1,13,67,64,0
1,14,73,71,0
1,15,65,63,0
1,16,69,66,0
1,17,71,68,0
1,18,69,66,0
1,19,69,66,0
1,20,71,68,0
1,21,73,71,0
1,22,66,63,0
1,23,74,71,0
1,24,73,70,0
1,25,74,72,0
1,26,73,71,0
1,27,67,64,0
1,28,71,69,0
1,29,74,72,0
1,30,70,67,0
1,31,76,73,0
1,32,78,76,0
1,33,71,67,0
1,34,74,71,0
1,35,66,64,0
1,36,71,69,0
1,37,72,69,0
1,38,73,70,0
1,39,74,71,0
1,40,70,67,0
1,41,78,75,0
1,42,70,67,0
1,43,78,76,0
1,44,76,73,0
1,45,69,65,0
1,46,65,62,0
1,47,72,70,0
1,48,71,68,0
1,49,75,72,0
1,50,77,74,0
1,51,64,62,0
1,52,66,62,0
1,53,71,69,0
1,54,76,73,0
1,55,79,77,0
1,56,79,76,0
1,57,70,66,0
1,58,81,78,0
1,59,78,75,0
1,60,74,72,0
1,61,79,77,0
1,62,68,65,0
1,63,71,69,0
1,64,67,65,0
1,65,69,65,0
1,66,70,68,0
1,67,72,70,0
1,68,68,64,0
1,69,79,77,0
1,70,75,72,0
1,71,75,72,0
1,72,70,68,0
1,73,73,71,0
1,74,71,69,0
1,75,75,72,0
1,76,75,73,0
1,77,76,74,0
1,78,77,75,0
1,79,77,75,0
1,80,64,60,0
1,81,71,69,0
1,82,73,71,0
1,83,69,67,0
1,84,72,70,0
1,85,68,65,0
1,86,73,71,0
1,87,70,68,0
1,88,69,67,0
1,89,71,69,0
1,90,68,66,0
1,91,69,66,0
1,92,65,63,0
1,93,74,72,0
1,94,74,72,0
1,95,77,75,0
1,96,71,68,0
1,97,70,67,0
1,98,74,72,0
1,99,76,73,0
1,100,76,74,0
2,1,279,277,0
2,2,259,256,0
2,3,261,258,0
2,4,289,286,0
2,5,290,287,0
2,6,273,270,0
2,7,277,274,0
2,8,257,254,0
2,9,279,276,0
2,10,259,256,0
2,11,254,251,0
2,12,250,248,0
2,13,245,242,0
2,14,259,257,0
2,15,308,305,0
2,16,247,243,0
2,17,278,275,0
2,18,263,260,0
2,19,230,227,0
2,20,279,276,0
2,21,268,265,0
2,22,296,294,0
2,23,276,274,0
2,24,236,234,0
2,25,271,269,0
2,26,266,263,0
2,27,249,246,0
2,28,259,256,0
2,29,252,249,0
2,30,253,251,0
2,31,290,287,0
2,32,240,237,0
2,33,247,244,0
2,34,256,254,0
2,35,302,299,0
2,36,263,260,0
2,37,281,278,0
2,38,304,302,0
2,39,279,277,0
2,40,312,309,0
2,41,296,294,0
2,42,255,252,0
2,43,303,300,0
2,44,253,251,0
2,45,285,283,0
2,46,253,250,0
2,47,280,278,0
2,48,260,258,0
2,49,262,260,0
2,50,318,315,0
2,51,295,292,0
2,52,239,237,0
2,53,277,274,0
2,54,320,318,0
2,55,255,252,0
2,56,309,306,0
2,57,277,275,0
2,58,260,258,0
2,59,311,308,0
2,60,264,261,0
2,61,252,249,0
2,62,230,228,0
2,63,282,279,0
2,64,266,263,0
2,65,237,234,0
2,66,321,318,0
2,67,295,292,0
2,68,271,268,0
2,69,283,281,0
2,70,333,330,0
2,71,266,263,0
2,72,265,263,0
2,73,237,235,0
2,74,249,245,0
2,75,246,243,0
2,76,254,251,0
2,77,255,252,0
2,78,266,263,0
2,79,273,270,0
2,80,283,280,0
2,81,254,252,0
2,82,254,251,0
2,83,255,253,0
2,84,309,307,0
2,85,230,227,0
2,86,244,241,0
2,87,287,284,0
2,88,263,261,0
2,89,260,258,0
2,90,255,252,0
2,91,283,280,0
2,92,261,259,0
2,93,255,253,0
2,94,291,289,0
2,95,259,256,0
2,96,310,307,0
2,97,294,291,0
2,98,278,275,0
2,99,293,290,0
2,100,291,288,0
3,1,43,40,0
3,2,47,43,0
3,3,48,45,0
3,4,49,46,0
3,5,43,40,0
3,6,48,46,0
3,7,45,43,0
3,8,50,45,0
3,9,46,43,0
3,10,37,35,0
3,11,40,36,0
3,12,45,42,0
3,13,45,42,0
3,14,49,45,0
3,15,53,50,0
3,16,44,40,0
3,17,50,48,0
3,18,50,48,0
3,19,47,43,0
3,20,52,49,0
3,21,50,47,0
3,22,47,45,0
3,23,46,43,0
3,24,44,42,0
3,25,58,56,0
3,26,45,43,0
3,27,48,45,0
3,28,50,47,0
3,29,48,45,0
3,30,48,46,0
3,31,46,43,0
3,32,47,44,0
3,33,43,40,0
3,34,46,43,0
3,35,45,42,0
3,36,46,44,0
3,37,45,41,0
3,38,47,44,0
3,39,59,56,0
3,40,49,45,0
3,41,42,40,0
3,42,47,45,0
3,43,41,38,0
3,44,50,48,0
3,45,40,38,0
3,46,47,44,0
3,47,49,45,0
3,48,47,44,0
3,49,39,37,0
3,50,38,36,0
3,51,50,46,0
3,52,45,42,0
3,53,48,44,0
3,54,46,44,0
3,55,48,46,0
3,56,50,47,0
3,57,50,46,0
3,58,48,46,0
3,59,49,45,0
3,60,51,46,0
3,61,56,53,0
3,62,48,46,0
3,63,49,46,0
3,64,51,48,0
3,65,48,44,0
3,66,48,44,0
3,67,47,45,0
3,68,47,45,0
3,69,47,44,0
3,70,49,46,0
3,71,52,48,0
3,72,45,42,0
3,73,47,44,0
3,74,49,45,0
3,75,50,48,0
3,76,53,49,0
3,77,48,44,0
3,78,51,46,0
3,79,46,43,0
3,80,51,49,0
3,81,44,41,0
3,82,51,49,0
3,83,49,45,0
3,84,55,50,0
3,85,46,44,0
3,86,45,42,0
3,87,45,42,0
3,88,50,47,0
3,89,47,44,0
3,90,49,45,0
3,91,47,43,0
3,92,46,44,0
3,93,50,47,0
3,94,45,43,0
3,95,51,49,0
3,96,47,45,0
3,97,55,53,0
3,98,48,46,0
3,99,49,46,0
3,100,52,47,0
4,1,96,94,0
4,2,100,97,0
4,3,98,95,0
4,4,92,90,0
4,5,92,89,0
4,6,103,100,0
4,7,89,87,0
4,8,96,94,0
4,9,93,91,0
4,10,98,96,0
4,11,88,85,0
4,12,89,86,0
4,13,94,92,0
4,14,105,102,0
4,15,97,95,0
4,16,85,82,0
4,17,101,98,0
4,18,106,103,0
4,19,97,94,0
4,20,95,92,0
4,21,101,99,0
4,22,100,97,0
4,23,92,89,0
4,24,113,111,0
4,25,102,100,0
4,26,91,89,0
4,27,96,94,0
4,28,98,96,0
4,29,102,100,0
4,30,96,94,0
4,31,99,97,0
4,32,99,97,0
4,33,102,99,0
4,34,93,91,0
4,35,97,94,0
4,36,98,95,0
4,37,94,91,0
4,38,102,100,0
4,39,90,87,0
4,40,112,110,0
4,41,97,93,0
4,42,103,100,0
4,43,101,98,0
4,44,100,98,0
4,45,101,98,0
4,46,108,105,0
4,47,91,89,0
4,48,105,102,0
4,49,94,91,0
4,50,92,89,0
4,51,91,88,0
4,52,94,91,0
4,53,100,98,0
4,54,100,97,0
4,55,98,96,0
4,56,100,97,0
4,57,103,101,0
4,58,103,100,0
4,59,99,96,0
4,60,106,103,0
4,61,94,91,0
4,62,102,99,0
4,63,91,88,0
4,64,87,85,0
4,65,100,98,0
4,66,99,97,0
4,67,95,93,0
4,68,98,96,0
4,69,106,103,0
4,70,100,98,0
4,71,104,101,0
4,72,96,93,0
4,73,103,100,0
4,74,100,97,0
4,75,98,95,0
4,76,101,98,0
4,77,98,96,0
4,78,101,98,0
4,79,99,96,0
4,80,104,102,0
4,81,83,80,0
4,82,95,92,0
4,83,91,88,0
4,84,103,100,0
4,85,88,86,0
4,86,102,100,0
4,87,95,93,0
4,88,101,98,0
4,89,99,96,0
4,90,88,85,0
4,91,98,96,0
4,92,100,98,0
4,93,99,97,0
4,94,96,93,0
4,95,99,96,0
4,96,98,94,0
4,97,93,91,0
4,98,98,95,0
4,99,95,92,0
4,100,102,99,0
5,1,3224,3221,0
5,2,3226,3222,0
5,3,3016,3013,0
5,4,3430,3427,0
5,5,3411,3408,0
5,6,3265,3262,0
5,7,3059,3056,0
5,8,3472,3468,0
5,9,2836,2833,0
5,10,3315,3311,0
5,11,3558,3554,0
5,12,3305,3302,0
5,13,2974,2971,0
5,14,3238,3235,0
5,15,2824,2821,0
5,16,3398,3395,0
5,17,3165,3161,0
5,18,2915,2911,0
5,19,3372,3369,0
5,20,3302,3299,0
5,21,3356,3352,0
5,22,3126,3123,0
5,23,3218,3215,0
5,24,2899,2895,0
5,25,2977,2973,0
5,26,3346,3343,0
5,27,3178,3175,0
5,28,3126,3122,0
5,29,2924,2921,0
5,30,3034,3031,0
5,31,2820,2817,0
5,32,3757,3753,0
5,33,3438,3435,0
5,34,3217,3213,0
5,35,3256,3253,0
5,36,3677,3673,0
5,37,2814,2811,0
5,38,3258,3255,0
5,39,3425,3422,0
5,40,3347,3343,0
5,41,3345,3342,0
5,42,3399,3395,0
5,43,2871,2868,0
5,44,3153,3150,0
5,45,3034,3031,0
5,46,3440,3437,0
5,47,3113,3110,0
5,48,3240,3237,0
5,49,3135,3132,0
5,50,3307,3304,0
5,51,3085,3082,0
5,52,2808,2805,0
5,53,3233,3230,0
5,54,3314,3311,0
5,55,3025,3022,0
5,56,3247,3244,0
5,57,3334,3331,0
5,58,3558,3554,0
5,59,2849,2846,0
5,60,3207,3203,0
5,61,3583,3579,0
5,62,3218,3215,0
5,63,3491,3488,0
5,64,3485,3482,0
5,65,3747,3744,0
5,66,3441,3438,0
5,67,3857,3854,0
5,68,3393,3390,0
5,69,3109,3106,0
5,70,3431,3428,0
5,71,3283,3280,0
5,72,3259,3255,0
5,73,3817,3814,0
5,74,3345,3342,0
5,75,3125,3122,0
5,76,3095,3092,0
5,77,3482,3478,0
5,78,3728,3725,0
5,79,3734,3731,0
5,80,2952,2948,0
5,81,3217,3214,0
5,82,3062,3058,0
5,83,3950,3947,0
5,84,3603,3600,0
5,85,3033,3030,0
5,86,3285,3282,0
5,87,3140,3137,0
5,88,3270,3266,0
5,89,3282,3279,0
5,90,3336,3333,0
5,91,3201,3198,0
5,92,3268,3264,0
5,93,3249,3245,0
5,94,3323,3319,0
5,95,3510,3506,0
5,96,3528,3525,0
5,97,3257,3253,0
5,98,3268,3264,0
5,99,3278,3275,0
5,100,3289,3285,0
6,1,85,82,0
6,2,103,101,0
6,3,101,99,0
6,4,82,79,0
6,5,103,101,0
6,6,110,108,0
6,7,84,81,0
6,8,100,97,0
6,9,100,97,0
6,10,78,76,0
6,11,87,85,0
6,12,79,76,0
6,13,84,82,0
6,14,86,83,0
6,15,84,81,0
6,16,83,80,0
6,17,86,83,0
6,18,88,85,0
6,19,87,84,0
6,20,85,82,0
6,21,83,80,0
6,22,104,101,0
6,23,107,104,0
6,24,101,97,0
6,25,99,97,0
6,26,88,85,0
6,27,83,80,0
6,28,105,102,0
6,29,82,80,0
6,30,81,78,0
6,31,82,79,0
6,32,101,98,0
6,33,103,100,0
6,34,82,79,0
6,35,85,82,0
6,36,89,87,0
6,37,106,103,0
6,38,87,84,0
6,39,77,75,0
6,40,87,85,0
6,41,86,83,0
6,42,107,104,0
6,43,87,84,0
6,44,105,102,0
6,45,88,85,0
6,46,87,85,0
6,47,83,80,0
6,48,103,100,0
6,49,103,100,0
6,50,82,79,0
6,51,110,107,0
6,52,85,82,0
6,53,104,102,0
6,54,110,107,0
6,55,87,85,0
6,56,89,86,0
6,57,107,104,0
6,58,89,86,0
6,59,85,83,0
6,60,104,101,0
6,61,87,85,0
6,62,88,85,0
6,63,88,86,0
6,64,87,84,0
6,65,86,83,0
6,66,85,82,0
6,67,82,79,0
6,68,86,82,0
6,69,87,83,0
6,70,82,79,0
6,71,83,80,0
6,72,106,103,0
6,73,87,84,0
6,74,105,102,0
6,75,89,86,0
6,76,107,104,0
6,77,104,101,0
6,78,105,102,0
6,79,85,82,0
6,80,85,83,0
6,81,93,91,0
6,82,87,84,0
6,83,91,88,0
6,84,85,83,0
6,85,86,83,0
6,86,109,106,0
6,87,86,84,0
6,88,86,83,0
6,89,84,81,0
6,90,85,83,0
6,91,82,80,0
6,92,100,97,0
6,93,88,85,0
6,94,83,80,0
6,95,105,102,0
6,96,87,85,0
6,97,85,82,0
6,98,103,100,0
6,99,97,94,0
6,100,85,82,0
7,1,58,55,0
7,2,60,56,0
7,3,62,59,0
7,4,60,57,0
7,5,61,59,0
7,6,61,58,0
7,7,60,56,0
7,8,57,54,0
7,9,62,59,0
7,10,54,51,0
7,11,63,58,0
7,12,61,57,0
7,13,61,56,0
7,14,58,55,0
7,15,62,59,0
7,16,57,54,0
7,17,61,58,0
7,18,66,62,0
7,19,61,58,0
7,20,64,60,0
7,21,61,56,0
7,22,63,60,0
7,23,62,58,0
7,24,63,61,0
7,25,59,56,0
7,26,64,60,0
7,27,62,57,0
7,28,63,59,0
7,29,61,56,0
7,30,62,58,0
7,31,62,58,0
7,32,61,58,0
7,33,65,61,0
7,34,58,56,0
7,35,60,57,0
7,36,61,57,0
7,37,62,60,0
7,38,59,56,0
7,39,61,58,0
7,40,65,62,0
7,41,57,54,0
7,42,63,59,0
7,43,57,54,0
7,44,56,54,0
7,45,55,52,0
7,46,61,57,0
7,47,63,60,0
7,48,55,53,0
7,49,57,53,0
7,50,54,52,0
7,51,69,65,0
7,52,62,59,0
7,53,62,59,0
7,54,66,62,0
7,55,65,63,0
7,56,66,62,0
7,57,67,64,0
7,58,65,63,0
7,59,65,61,0
7,60,65,61,0
7,61,60,57,0
7,62,62,59,0
7,63,52,49,0
7,64,60,58,0
7,65,61,57,0
7,66,64,59,0
7,67,61,58,0
7,68,58,56,0
7,69,61,56,0
7,70,64,59,0
7,71,63,59,0
7,72,59,56,0
7,73,62,59,0
7,74,63,61,0
7,75,64,61,0
7,76,64,60,0
7,77,66,62,0
7,78,66,63,0
7,79,61,58,0
7,80,63,59,0
7,81,65,63,0
7,82,61,58,0
7,83,62,57,0
7,84,62,57,0
7,85,62,57,0
7,86,63,58,0
7,87,62,59,0
7,88,63,60,0
7,89,62,60,0
7,90,59,56,0
7,91,62,58,0
7,92,60,57,0
7,93,63,61,0
7,94,63,59,0
7,95,66,63,0
7,96,63,58,0
7,97,60,57,0
7,98,61,59,0
7,99,63,59,0
7,100,59,56,0
8,1,1576,1573,0
8,2,1615,1612,0
8,3,1714,1711,0
8,4,1642,1639,0
8,5,1606,1603,0
8,6,1637,1634,0
8,7,1602,1599,0
8,8,1636,1632,0
8,9,1582,1579,0
8,10,1576,1573,0
8,11,1602,1598,0
8,12,1601,1597,0
8,13,1692,1688,0
8,14,1605,1602,0
8,15,1677,1673,0
8,16,1635,1632,0
8,17,1604,1600,0
8,18,1647,1644,0
8,19,1671,1667,0
8,20,1653,1649,0
8,21,1601,1597,0
8,22,1578,1574,0
8,23,1584,1581,0
8,24,1588,1585,0
8,25,1674,1671,0
8,26,1615,1611,0
8,27,1553,1549,0
8,28,1549,1546,0
8,29,1637,1634,0
8,30,1668,1665,0
8,31,1611,1608,0
8,32,1609,1606,0
8,33,1667,1664,0
8,34,1613,1610,0
8,35,1656,1652,0
8,36,1677,1674,0
8,37,1595,1592,0
8,38,1593,1589,0
8,39,1671,1668,0
8,40,1683,1679,0
8,41,1648,1645,0
8,42,1717,1714,0
8,43,1631,1627,0
8,44,1654,1650,0
8,45,1606,1603,0
8,46,1601,1597,0
8,47,1597,1594,0
8,48,1598,1595,0
8,49,1746,1743,0
8,50,1622,1619,0
8,51,1695,1691,0
8,52,1606,1603,0
8,53,1587,1584,0
8,54,1611,1608,0
8,55,1666,1662,0
8,56,1614,1611,0
8,57,1629,1625,0
8,58,1721,1718,0
8,59,1619,1615,0
8,60,1696,1692,0
8,61,1596,1592,0
8,62,1596,1593,0
8,63,1581,1578,0
8,64,1666,1662,0
8,65,1608,1604,0
8,66,1643,1639,0
8,67,1625,1622,0
8,68,1687,1683,0
8,69,1624,1621,0
8,70,1692,1689,0
8,71,1579,1575,0
8,72,1610,1607,0
8,73,1622,1618,0
8,74,1651,1647,0
8,75,1626,1622,0
8,76,1623,1619,0
8,77,1602,1598,0
8,78,1661,1658,0
8,79,1633,1629,0
8,80,1613,1610,0
8,81,1592,1588,0
8,82,1634,1630,0
8,83,1621,1618,0
8,84,1691,1687,0
8,85,1589,1586,0
8,86,1723,1720,0
8,87,1617,1614,0
8,88,1615,1611,0
8,89,1677,1673,0
8,90,1583,1579,0
8,91,1616,1613,0
8,92,1643,1639,0
8,93,1649,1641,0
8,94,1617,1614,0
8,95,1679,1675,0
8,96,1621,1618,0
8,97,1620,1616,0
8,98,1679,1675,0
8,99,1719,1716,0
8,100,1615,1612,0
9,1,230,227,0
9,2,233,231,0
9,3,250,248,0
9,4,236,232,0
9,5,228,224,0
9,6,280,276,0
9,7,234,232,0
9,8,219,216,0
9,9,196,194,0
9,10,252,249,0
9,11,233,230,0
9,12,237,235,0
9,13,265,260,0
9,14,197,194,0
9,15,234,232,0
9,16,228,225,0
9,17,239,235,0
9,18,233,230,0
9,19,240,237,0
9,20,261,258,0
9,21,230,227,0
9,22,242,239,0
9,23,245,242,0
9,24,233,229,0
9,25,243,240,0
9,26,242,240,0
9,27,273,270,0
9,28,273,271,0
9,29,230,227,0
9,30,260,258,0
9,31,250,247,0
9,32,238,236,0
9,33,238,235,0
9,34,232,230,0
9,35,268,265,0
9,36,231,228,0
9,37,274,271,0
9,38,245,241,0
9,39,256,253,0
9,40,281,278,0
9,41,276,272,0
9,42,305,302,0
9,43,255,251,0
9,44,278,275,0
9,45,245,242,0
9,46,245,242,0
9,47,241,239,0
9,48,239,236,0
9,49,266,264,0
9,50,251,249,0
9,51,302,299,0
9,52,268,266,0
9,53,250,248,0
9,54,249,246,0
9,55,265,263,0
9,56,273,271,0
9,57,276,274,0
9,58,274,271,0
9,59,242,240,0
9,60,304,302,0
9,61,240,238,0
9,62,241,239,0
9,63,253,251,0
9,64,240,237,0
9,65,245,242,0
9,66,271,267,0
9,67,240,237,0
9,68,269,267,0
9,69,240,237,0
9,70,266,263,0
9,71,238,235,0
9,72,236,234,0
9,73,260,257,0
9,74,264,261,0
9,75,234,231,0
9,76,250,247,0
9,77,241,238,0
9,78,245,242,0
9,79,239,236,0
9,80,272,269,0
9,81,270,267,0
9,82,262,260,0
9,83,231,229,0
9,84,271,269,0
9,85,239,236,0
9,86,271,268,0
9,87,238,236,0
9,88,266,264,0
9,89,240,237,0
9,90,268,265,0
9,91,239,237,0
9,92,270,266,0
9,93,225,222,0
9,94,267,264,0
9,95,244,241,0
9,96,246,243,0
9,97,236,234,0
9,98,261,258,0
9,99,262,260,0
9,100,240,237,0
10,1,4823,4820,0
10,2,4851,4848,0
10,3,4999,4994,0
10,4,4667,4664,0
10,5,4828,4824,0
10,6,5324,5320,0
10,7,4673,4670,0
10,8,4987,4984,0
10,9,4939,4935,0
10,10,5101,5098,0
10,11,4753,4750,0
10,12,4722,4719,0
10,13,4596,4593,0
10,14,4742,4739,0
10,15,4856,4853,0
10,16,4731,4728,0
10,17,4738,4735,0
10,18,5022,5019,0
10,19,4783,4780,0
10,20,4656,4652,0
10,21,4776,4773,0
10,22,4774,4771,0
10,23,4865,4862,0
10,24,4813,4809,0
10,25,4998,4994,0
10,26,4692,4689,0
10,27,4859,4856,0
10,28,4981,4978,0
10,29,5070,5067,0
10,30,5024,5020,0
10,31,4605,4601,0
10,32,4844,4841,0
10,33,5071,5068,0
10,34,4984,4981,0
10,35,4898,4895,0
10,36,4786,4783,0
10,37,4862,4854,0
10,38,5064,5061,0
10,39,4603,4600,0
10,40,4917,4913,0
10,41,4800,4797,0
10,42,5070,5066,0
10,43,4773,4769,0
10,44,4980,4976,0
10,45,4674,4671,0
10,46,4837,4834,0
10,47,4722,4718,0
10,48,4628,4625,0
10,49,5079,5075,0
10,50,4648,4645,0
10,51,4817,4813,0
10,52,4724,4721,0
10,53,5138,5135,0
10,54,5052,5045,0
10,55,4984,4981,0
10,56,4698,4693,0
10,57,5006,5003,0
10,58,4992,4989,0
10,59,4680,4677,0
10,60,5014,5011,0
10,61,4715,4712,0
10,62,4967,4964,0
10,63,4813,4810,0
10,64,4928,4924,0
10,65,4708,4705,0
10,66,5003,4999,0
10,67,4787,4784,0
10,68,4911,4908,0
10,69,4725,4722,0
10,70,4732,4729,0
10,71,4731,4728,0
10,72,4879,4875,0
10,73,4804,4801,0
10,74,5047,5043,0
10,75,4755,4752,0
10,76,4882,4879,0
10,77,4769,4766,0
10,78,4808,4805,0
10,79,4991,4988,0
10,80,5007,5004,0
10,81,4717,4714,0
10,82,4800,4797,0
10,83,4651,4648,0
10,84,4667,4664,0
10,85,4645,4642,0
10,86,4903,4900,0
10,87,4864,4861,0
10,88,4846,4842,0
10,89,4813,4810,0
10,90,4928,4924,0
10,91,4868,4865,0
10,92,5057,5054,0
10,93,4748,4745,0
10,94,5016,5012,0
10,95,5065,5062,0
10,96,4575,4572,0
10,97,4877,4874,0
10,98,5002,4999,0
10,99,4976,4972,0
10,100,4872,4869,0
11,1,1628,1624,0
11,2,1644,1640,0
11,3,1673,1670,0
11,4,1698,1695,0
11,5,1663,1659,0
11,6,1733,1729,0
11,7,1769,1766,0
11,8,1708,1704,0
11,9,1703,1699,0
11,10,1660,1656,0
11,11,1670,1666,0
11,12,1643,1640,0
11,13,1631,1627,0
11,14,1658,1655,0
11,15,1651,1648,0
11,16,1691,1687,0
11,17,1673,1669,0
11,18,1691,1686,0
11,19,1743,1740,0
11,20,1631,1627,0
11,21,1663,1659,0
11,22,1650,1646,0
11,23,1751,1748,0
11,24,1721,1718,0
11,25,1694,1691,0
11,26,1628,1625,0
11,27,1726,1723,0
11,28,1655,1651,0
11,29,1702,1699,0
11,30,1676,1672,0
11,31,1677,1673,0
11,32,1725,1721,0
11,33,1714,1710,0
11,34,1674,1671,0
11,35,1711,1708,0
11,36,1690,1687,0
11,37,1767,1763,0
11,38,1755,1752,0
11,39,1665,1662,0
11,40,1692,1689,0
11,41,1682,1679,0
11,42,1686,1683,0
11,43,1719,1714,0
11,44,1753,1749,0
11,45,1701,1696,0
11,46,1746,1743,0
11,47,1682,1679,0
11,48,1670,1667,0
11,49,1689,1685,0
11,50,1620,1615,0
11,51,1683,1679,0
11,52,1657,1654,0
11,53,1668,1664,0
11,54,1678,1674,0
11,55,1778,1774,0
11,56,1671,1666,0
11,57,1721,1718,0
11,58,1721,1717,0
11,59,1658,1654,0
11,60,1708,1704,0
11,61,1665,1662,0
11,62,1711,1707,0
11,63,1656,1652,0
11,64,1699,1696,0
11,65,1688,1684,0
11,66,1758,1754,0
11,67,1681,1678,0
11,68,1723,1720,0
11,69,1699,1695,0
11,70,1683,1680,0
11,71,1659,1656,0
11,72,1671,1668,0
11,73,1659,1655,0
11,74,1725,1722,0
11,75,1663,1660,0
11,76,1695,1692,0
11,77,1691,1688,0
11,78,1665,1661,0
11,79,1739,1736,0
11,80,1705,1701,0
11,81,1656,1652,0
11,82,1692,1687,0
11,83,1695,1691,0
11,84,1692,1689,0
11,85,1652,1649,0
11,86,1701,1698,0
11,87,1677,1673,0
11,88,1740,1737,0
11,89,1743,1739,0
11,90,1716,1713,0
11,91,1708,1705,0
11,92,1689,1685,0
11,93,1689,1686,0
11,94,1747,1743,0
11,95,1745,1742,0
11,96,1654,1650,0
11,97,1732,1729,0
11,98,1764,1761,0
11,99,1709,1705,0
11,100,1744,1741,0
12,1,60,56,0
12,2,53,50,0
12,3,54,51,0
12,4,52,49,0
12,5,51,49,0
12,6,57,54,0
12,7,52,49,0
12,8,47,44,0
12,9,54,52,0
12,10,41,39,0
12,11,44,41,0
12,12,47,45,0
12,13,54,51,0
12,14,52,49,0
12,15,71,69,0
12,16,49,45,0
12,17,52,48,0
12,18,53,49,0
12,19,51,48,0
12,20,57,55,0
12,21,116,113,0
12,22,68,65,0
12,23,113,110,0
12,24,54,50,0
12,25,53,50,0
12,26,46,44,0
12,27,56,52,0
12,28,59,55,0
12,29,55,52,0
12,30,52,48,0
12,31,111,108,0
12,32,53,50,0
12,33,46,44,0
12,34,50,48,0
12,35,52,49,0
12,36,53,50,0
12,37,51,48,0
12,38,50,47,0
12,39,49,46,0
12,40,56,53,0
12,41,43,41,0
12,42,55,52,0
12,43,46,43,0
12,44,51,48,0
12,45,44,42,0
12,46,55,51,0
12,47,51,48,0
12,48,52,48,0
12,49,48,45,0
12,50,40,38,0
12,51,55,52,0
12,52,51,47,0
12,53,54,51,0
12,54,54,50,0
12,55,55,52,0
12,56,54,51,0
12,57,57,52,0
12,58,58,55,0
12,59,52,48,0
12,60,56,52,0
12,61,51,47,0
12,62,73,69,0
12,63,49,45,0
12,64,48,46,0
12,65,56,54,0
12,66,57,53,0
12,67,48,45,0
12,68,70,67,0
12,69,52,50,0
12,70,72,69,0
12,71,51,48,0
12,72,75,72,0
12,73,74,71,0
12,74,53,51,0
12,75,50,47,0
12,76,72,68,0
12,77,74,69,0
12,78,53,50,0
12,79,52,48,0
12,80,53,51,0
12,81,46,43,0
12,82,52,49,0
12,83,47,44,0
12,84,55,53,0
12,85,48,43,0
12,86,50,46,0
12,87,50,48,0
12,88,72,70,0
12,89,54,51,0
12,90,46,43,0
12,91,54,50,0
12,92,55,53,0
12,93,55,51,0
12,94,55,52,0
12,95,52,49,0
12,96,53,49,0
12,97,72,68,0
12,98,58,56,0
12,99,57,53,0
12,100,50,47,0
13,1,85,81,0
13,2,79,77,0
13,3,86,83,0
13,4,82,80,0
13,5,80,78,0
13,6,83,81,0
13,7,82,80,0
13,8,79,76,0
13,9,86,84,0
13,10,85,82,0
13,11,71,68,0
13,12,78,76,0
13,13,80,78,0
13,14,86,83,0
13,15,81,79,0
13,16,82,80,0
13,17,82,78,0
13,18,87,84,0
13,19,83,80,0
13,20,83,80,0
13,21,81,78,0
13,22,86,84,0
13,23,83,80,0
13,24,83,80,0
13,25,88,86,0
13,26,82,79,0
13,27,86,82,0
13,28,87,85,0
13,29,87,84,0
13,30,82,80,0
13,31,81,79,0
13,32,84,82,0
13,33,78,74,0
13,34,83,81,0
13,35,82,79,0
13,36,85,82,0
13,37,84,81,0
13,38,88,86,0
13,39,82,79,0
13,40,90,88,0
13,41,80,76,0
13,42,92,89,0
13,43,84,80,0
13,44,88,84,0
13,45,82,79,0
13,46,85,83,0
13,47,87,84,0
13,48,88,85,0
13,49,80,77,0
13,50,77,75,0
13,51,90,86,0
13,52,83,81,0
13,53,88,85,0
13,54,92,88,0
13,55,87,83,0
13,56,87,85,0
13,57,87,85,0
13,58,93,91,0
13,59,88,84,0
13,60,92,90,0
13,61,81,78,0
13,62,87,84,0
13,63,84,81,0
13,64,84,80,0
13,65,94,92,0
13,66,85,82,0
13,67,83,79,0
13,68,87,85,0
13,69,85,83,0
13,70,86,83,0
13,71,88,83,0
13,72,88,84,0
13,73,86,83,0
13,74,85,82,0
13,75,85,81,0
13,76,88,85,0
13,77,90,85,0
13,78,87,85,0
13,79,89,85,0
13,80,92,89,0
13,81,84,81,0
13,82,91,87,0
13,83,85,83,0
13,84,85,81,0
13,85,83,81,0
13,86,92,88,0
13,87,86,82,0
13,88,88,86,0
13,89,88,86,0
13,90,85,82,0
13,91,91,88,0
13,92,88,85,0
13,93,93,91,0
13,94,85,82,0
13,95,85,82,0
13,96,84,81,0
13,97,89,87,0
13,98,83,81,0
13,99,86,83,0
13,100,89,87,0
14,1,81,79,0
14,2,81,78,0
14,3,80,78,0
14,4,81,78,0
14,5,80,78,0
14,6,83,79,0
14,7,79,76,0
14,8,77,74,0
14,9,81,78,0
14,10,75,73,0
14,11,76,73,0
14,12,77,74,0
14,13,76,73,0
14,14,80,78,0
14,15,80,78,0
14,16,80,78,0
14,17,82,79,0
14,18,81,77,0
14,19,73,71,0
14,20,83,81,0
14,21,83,80,0
14,22,84,82,0
14,23,82,80,0
14,24,83,81,0
14,25,82,79,0
14,26,88,85,0
14,27,86,82,0
14,28,84,81,0
14,29,84,82,0
14,30,87,84,0
14,31,79,76,0
14,32,81,78,0
14,33,84,81,0
14,34,82,80,0
14,35,86,84,0
14,36,80,78,0
14,37,83,80,0
14,38,86,83,0
14,39,86,84,0
14,40,85,82,0
14,41,81,78,0
14,42,91,88,0
14,43,92,90,0
14,44,88,85,0
14,45,79,77,0
14,46,85,82,0
14,47,91,88,0
14,48,85,82,0
14,49,81,78,0
14,50,79,76,0
14,51,88,86,0
14,52,82,78,0
14,53,90,86,0
14,54,84,81,0
14,55,85,82,0
14,56,86,84,0
14,57,87,84,0
14,58,85,82,0
14,59,86,83,0
14,60,87,85,0
14,61,83,78,0
14,62,84,80,0
14,63,83,80,0
14,64,79,76,0
14,65,86,84,0
14,66,84,82,0
14,67,83,81,0
14,68,85,83,0
14,69,90,86,0
14,70,84,80,0
14,71,81,79,0
14,72,87,82,0
14,73,86,81,0
14,74,86,83,0
14,75,84,81,0
14,76,86,82,0
14,77,87,84,0
14,78,84,81,0
14,79,88,85,0
14,80,87,85,0
14,81,82,78,0
14,82,87,85,0
14,83,83,81,0
14,84,85,82,0
14,85,81,79,0
14,86,80,77,0
14,87,80,77,0
14,88,86,84,0
14,89,85,81,0
14,90,82,79,0
14,91,82,80,0
14,92,83,81,0
14,93,83,81,0
14,94,84,82,0
14,95,83,81,0
14,96,83,80,0
14,97,82,80,0
14,98,81,78,0
14,99,84,81,0
14,100,83,79,0
15,1,62,60,0
15,2,61,59,0
15,3,60,58,0
15,4,57,54,0
15,5,58,55,0
15,6,59,57,0
15,7,61,58,0
15,8,58,54,0
15,9,60,58,0
15,10,51,49,0
15,11,49,47,0
15,12,56,54,0
15,13,57,54,0
15,14,61,59,0
15,15,59,57,0
15,16,56,53,0
15,17,61,59,0
15,18,59,55,0
15,19,58,55,0
15,20,60,58,0
15,21,60,56,0
15,22,65,63,0
15,23,60,56,0
15,24,61,57,0
15,25,61,58,0
15,26,57,54,0
15,27,58,55,0
15,28,60,56,0
15,29,61,59,0
15,30,57,55,0
15,31,62,59,0
15,32,59,55,0
15,33,56,52,0
15,34,57,54,0
15,35,60,56,0
15,36,59,55,0
15,37,57,55,0
15,38,61,58,0
15,39,60,57,0
15,40,62,59,0
15,41,55,52,0
15,42,66,64,0
15,43,56,53,0
15,44,63,59,0
15,45,51,49,0
15,46,59,56,0
15,47,64,60,0
15,48,63,60,0
15,49,52,50,0
15,50,53,50,0
15,51,60,58,0
15,52,58,56,0
15,53,67,63,0
15,54,62,58,0
15,55,60,57,0
15,56,65,63,0
15,57,64,60,0
15,58,63,61,0
15,59,64,60,0
15,60,65,60,0
15,61,61,59,0
15,62,60,56,0
15,63,60,56,0
15,64,60,56,0
15,65,62,60,0
15,66,62,60,0
15,67,59,55,0
15,68,58,55,0
15,69,62,59,0
15,70,63,61,0
15,71,63,59,0
15,72,62,60,0
15,73,61,57,0
15,74,59,55,0
15,75,59,57,0
15,76,63,60,0
15,77,62,58,0
15,78,60,57,0
15,79,64,62,0
15,80,63,60,0
15,81,62,60,0
15,82,63,59,0
15,83,58,56,0
15,84,61,57,0
15,85,56,53,0
15,86,58,55,0
15,87,61,57,0
15,88,60,57,0
15,89,59,55,0
15,90,57,55,0
15,91,61,59,0
15,92,59,56,0
15,93,64,61,0
15,94,60,56,0
15,95,59,56,0
15,96,61,58,0
15,97,62,59,0
15,98,61,59,0
15,99,60,56,0
15,100,56,53,0
16,1,60,57,0
16,2,60,57,0
16,3,59,57,0
16,4,59,57,0
16,5,58,56,0
16,6,62,58,0
16,7,60,58,0
16,8,57,54,0
16,9,57,54,0
16,10,53,50,0
16,11,50,48,0
16,12,55,52,0
16,13,57,53,0
16,14,64,60,0
16,15,65,62,0
16,16,54,50,0
16,17,56,53,0
16,18,60,58,0
16,19,59,56,0
16,20,62,60,0
16,21,61,58,0
16,22,60,58,0
16,23,59,55,0
16,24,61,58,0
16,25,62,58,0
16,26,58,54,0
16,27,60,56,0
16,28,62,60,0
16,29,63,60,0
16,30,57,55,0
16,31,59,55,0
16,32,61,58,0
16,33,58,55,0
16,34,58,56,0
16,35,61,57,0
16,36,59,57,0
16,37,57,55,0
16,38,61,57,0
16,39,62,58,0
16,40,64,62,0
16,41,57,54,0
16,42,63,60,0
16,43,57,54,0
16,44,64,60,0
16,45,55,53,0
16,46,70,68,0
16,47,61,58,0
16,48,60,57,0
16,49,53,50,0
16,50,55,52,0
16,51,65,61,0
16,52,61,56,0
16,53,62,59,0
16,54,67,63,0
16,55,64,61,0
16,56,64,62,0
16,57,65,63,0
16,58,63,61,0
16,59,63,59,0
16,60,66,64,0
16,61,61,57,0
16,62,63,59,0
16,63,61,57,0
16,64,56,54,0
16,65,61,57,0
16,66,61,57,0
16,67,57,54,0
16,68,63,59,0
16,69,62,59,0
16,70,64,62,0
16,71,62,60,0
16,72,67,65,0
16,73,61,58,0
16,74,61,58,0
16,75,63,59,0
16,76,66,63,0
16,77,69,66,0
16,78,61,58,0
16,79,64,61,0
16,80,59,56,0
16,81,61,57,0
16,82,65,63,0
16,83,57,55,0
16,84,64,61,0
16,85,58,54,0
16,86,60,56,0
16,87,62,60,0
16,88,62,60,0
16,89,57,55,0
16,90,57,54,0
16,91,60,57,0
16,92,59,56,0
16,93,54,51,0
16,94,63,61,0
16,95,62,59,0
16,96,61,59,0
16,97,62,59,0
16,98,61,59,0
16,99,66,63,0
16,100,61,58,0
